{
  "MAE": 5.229846087350817,
  "RMSE": 7.755167332800263,
  "R2": 0.9989159908701672,
  "n_test": 166
}