{
  "MAE": 5.229846087350818,
  "RMSE": 7.755167332800266,
  "R2": 0.9989159908701672,
  "n_test": 166
}